1,2020,TooMuchandNeverEnoughHowMyFamily…,Simon & Schuster
2,2020,WheretheCrawdadsSing,G.P. Putnam's Sons
3,2020,MyFirstLearntoWriteWorkbookPracticefor…,Rockridge Press
4,2020,MidnightSun,Little Brown Books for Young Readers 
5,2020,Untamed,The Dial Press 
6,2020,TheRoomWhereItHappenedAWhiteHouse…,Simon & Schuster
7,2020,WhiteFragilityWhyIt'sSoHardforWhite…,Beacon Press
8,2020,SchoolZone-BigPreschoolWorkbook-Ages4…,School Zone Publishing
9,2020,IfAnimalsKissedGoodNight,Farrar Straus and Giroux 
10,2020,TheBalladofSongbirdsandSnakesAHunger…,Scholastic Press 
11,2020,HowtoBeanAntiracist,One World
12,2020,TheVeryHungryCaterpillar,World of Eric Carle 
13,2020,Rage,Simon & Schuster
14,2020,LittleFiresEverywhere,Penguin Books
15,2020,DogManGrimeandPunishmentFromthe…,Graphix
16,2020,TheFourAgreementsAPracticalGuideto…,Amber-Allen Publishing Incorporated 
17,2020,Becoming,Crown
18,2020,AmericanDirtOprah'sBookClub,Flatiron Books 
19,2020,GiraffesCan'tDance,Cartwheel Books
20,2020,MagnoliaTableVolume2ACollectionof…,HarperCollinsPublishers
21,2020,LiveFreeOrDieAmericaandtheWorldonthe…,Threshold Editions 
22,2020,TheSplendidandtheVileASagaofChurchill…,Crown 
23,2020,The5LoveLanguagesTheSecrettoLovethat…,Northfield Publishing
24,2020,BrownBearBrownBearWhatDoYouSee,Henry Holt and Co. (BYR)
25,2020,TheBodyKeepstheScoreBrainMindandBody…,Penguin Books
26,2020,HowtoCatchaMermaid,Sourcebooks Wonderland 
27,2020,TheSilentPatient,Celadon Books
28,2020,CasteOprah'sBookClubTheOriginsofOur…,Random House 
29,2020,AtomicHabitsAnEasy&ProvenWaytoBuild…,Genius Press 
30,2020,IAmConfidentBrave&BeautifulAColoring…,Hopscotch Girls
31,2020,HumanBodyActivityBookforKidsHands-On…,Rockridge Press 
32,2020,GetOutofYourHeadStoppingtheSpiralof…,WaterBrook
33,2020,TheBigBookofSillyJokesforKids800+Jokes,Rockridge Press 
34,2020,BurnAfterWriting,TarcherPerigee 
35,2020,TheBoytheMoletheFoxandtheHorse,HarperOne
36,2020,PaintbyStickerKidsUnicorns&MagicCreate…,Workman Publishing Company
37,2020,ILoveYoutotheMoonandBack,Tiger Tales
38,2020,JustMercyAStoryofJusticeandRedemption,One World
39,2020,ChickaChickaBoomBoomBoardBook,Little Simon 
40,2020,EducatedAMemoir,Random House
41,2020,HowtoCatchaUnicorn,Sourcebooks Wonderland 
42,2020,RichDadPoorDadWhattheRichTeachTheir…,Plata Publishing
43,2020,DisloyalAMemoirTheTrueStoryoftheFormer…,Skyhorse Publishing
44,2020,PublicationManualoftheAmerican…,American Psychological Association
45,2020,TheWonkyDonkey,Scholastic Paperbacks
46,2020,PrayerJournalforWomen52WeekScripture…,Independently published 
47,2020,GoodnightMoon,HarperCollins
48,2020,ThenSheWasGone,Atria Books
49,2020,I'veLovedYouSinceForever,HarperCollins
50,2020,SoYouWanttoTalkAboutRace,Seal Press
51,2020,WhatShouldDannyDoThePowertoChoose…,Elon Books
52,2020,TheVanishingHalf,Riverhead Books 
53,2020,MyFirstToddlerColoringBookFunwith…,Rockridge Press
54,2020,1984SignetClassics,Signet Classic 
55,2020,StampedfromtheBeginningTheDefinitive…,Bold Type Books
56,2020,ToKillaMockingbird,Harper Perennial 
57,2020,PreschoolMathWorkbookforToddlersAges2-4…,Modern Kid Press 
58,2020,TheMambaMentalityHowIPlay,MCD
59,2020,SchoolZone-Multiplication0-12FlashCards…,School Zone Publishing
60,2020,TheAlchemist25thAnniversaryAFableAbout…,HarperOne
61,2020,RelationshipGoalsHowtoWinatDating…,WaterBrook
62,2020,OhthePlacesYou'llGo  ,Random House Books for Young Readers 
63,2020,AwesomeScienceExperimentsforKids100+…,Rockridge Press 
64,2020,TheColorofLawAForgottenHistoryofHow…,Liveright
65,2020,PaintbyStickerKidsZooAnimalsCreate10…,Workman Publishing Company
66,2020,CarsonDellosa|FirstWordsFlashCards|…,Carson Dellosa Education
67,2020,LearntoReadAMagicalSightWordsand…,Modern Kid Press 
68,2020,FirstLittleReadersParentPackGuidedReading…,Teaching Resources
69,2020,LlamaLlamaLovesCamping,Penguin Young Readers Licenses
70,2020,ThePout-PoutFish,Farrar Straus and Giroux 
71,2020,Man'sSearchforMeaning,Beacon Press
72,2020,TheWonderfulThingsYouWillBe,Random House Books for Young Readers
73,2020,DogManFetch-22FromtheCreatorofCaptain…,Graphix
74,2020,Where'sSpot,Warner
75,2020,LoveYouForever,Firefly Books 
76,2020,PisforPottySesameStreetLift-the-Flap,Random House Books for Young Readers
77,2020,TheGiftsofImperfectionLetGoofWhoYou…,Brilliance Audio
78,2020,NormalPeople,Hogarth
79,2020,TheOutsiders,Speak
80,2020,MagnoliaTableACollectionofRecipesfor…,William Morrow Cookbooks
81,2020,TheSubtleArtofNotGivingaF*ckA…,Harper
82,2020,TheGiverofStars,Pamela Dorman Books
83,2020,MedicalMediumCleansetoHealHealingPlans…,Hay House Inc.
84,2020,KindergartenMathWorkbookKindergartenand…,IXL Learning 
85,2020,ZenasF*ckZenasF*ckJournals,Castle Point Books 
86,2020,TheIntelligentInvestorTheDefinitiveBookon…,Harper Business
87,2020,BlackoutHowBlackAmericaCanMakeIts…,Threshold Editions 
88,2020,GodGaveUsYou,WaterBrook Press
89,2020,ModernComfortFoodABarefootContessa…,Clarkson Potter
90,2020,TheDeepEndDiaryofaWimpyKidBook15,Harry N. Abrams
91,2020,Greenlights,Crown
92,2020,APromisedLand,Crown 
93,2020,There'sNoPlaceLikeSpaceAllAboutOurSolar…,Random House Books for Young Readers
94,2020,BetweentheWorldandMe,One World
95,2020,TheGivingTree,Harper & Row
96,2020,Fahrenheit451,Simon & Schuster
97,2020,TheCareandKeepingofYouTheBodyBookfor…,American Girl
98,2020,RoomontheBroom,Puffin Books
99,2020,WheretheWildThingsAre,HarperCollins
100,2020,TheOneandOnlyIvan,HarperCollins
101,2019,WheretheCrawdadsSing,G.P. Putnam's Sons
102,2019,Becoming,Crown
103,2019,EducatedAMemoir,Random House
104,2019,DogManForWhomtheBallRollsFromthe…,Graphix
105,2019,GirlWashYourFaceStopBelievingtheLies…,Thomas Nelson on Brilliance Audio
106,2019,DogManFetch-22FromtheCreatorofCaptain…,Graphix
107,2019,WreckingBallDiaryofaWimpyKidBook14,Harry N. Abrams
108,2019,TheWonderfulThingsYouWillBe,Random House Books for Young Readers
109,2019,SchoolZone-BigPreschoolWorkbook-Ages4…,School Zone Publishing
110,2019,The5LoveLanguagesTheSecrettoLovethat…,Northfield Publishing
111,2019,GirlStopApologizingAShame-FreePlanfor…,Harpercollins Leadership
112,2019,TheWonkyDonkey,Scholastic Paperbacks
113,2019,TheSubtleArtofNotGivingaF*ckA…,Harper
114,2019,DifficultRiddlesForSmartKids300Difficult…,CreateSpace Independent Publishing Platform
115,2019,SaltFatAcidHeatMasteringtheElementsof…,Simon and Schuster
116,2019,TheVeryHungryCaterpillar,World of Eric Carle 
117,2019,WhatShouldDannyDoThePowertoChoose…,Elon Books
118,2019,It'sNotSupposedtoBeThisWayFinding…,Thomas Nelson 
119,2019,IAmConfidentBrave&BeautifulAColoring…,Hopscotch Girls
120,2019,TheFourAgreementsAPracticalGuideto…,Amber-Allen Publishing Incorporated 
121,2019,UnfreedomofthePress,Threshold Editions
122,2019,DogManBrawloftheWildFromtheCreatorof…,Graphix
123,2019,GiraffesCan'tDance,Cartwheel Books
124,2019,IfAnimalsKissedGoodNight,Farrar Straus and Giroux 
125,2019,OhthePlacesYou'llGo  ,Random House Books for Young Readers 
126,2019,HowardSternComesAgain,Simon & Schuster 
127,2019,Guts,Graphix
128,2019,TheLife-ChangingMagicofTidyingUpThe…,Ten Speed Press
129,2019,HarryPotterandtheGobletofFireThe…,Arthur A. Levine Books
130,2019,NationalGeographicLittleKidsFirstBigBookof…,National Geographic Kids
131,2019,InstantPotPressureCookerCookbook500…,Independently published 
132,2019,TheBodyKeepstheScoreBrainMindandBody…,Penguin Books
133,2019,GoodDaysStartWithGratitudeA52Week…,CreateSpace Independent Publishing Platform
134,2019,GoodnightMoon,HarperCollins
135,2019,TheCompleteKetogenicDietforBeginnersYour…,Rockridge Press 
136,2019,UnicornColoringBookForKidsAges4-8US…,On The Hop Books Ltd
137,2019,StrangePlanetStrangePlanetSeries,Morrow Gift
138,2019,Player'sHandbookDungeons&Dragons,Wizards of the Coast
139,2019,TheSilentPatient,Celadon Books
140,2019,5000AwesomeFactsAboutEverything…,National Geographic Kids
141,2019,ToKillaMockingbird,Harper Perennial 
142,2019,YouAreaBadassHowtoStopDoubtingYour…,Running Press Adult
143,2019,NationalGeographicKidsWhyOver1111…,National Geographic Kids
144,2019,Can'tHurtMeMasterYourMindandDefythe…,Lioncrest Publishing 
145,2019,TheGuardians,Dell 
146,2019,PisforPottySesameStreetLift-the-Flap,Random House Books for Young Readers
147,2019,TheTotalMoneyMakeoverClassicEditionA…,Thomas Nelson
148,2019,BrownBearBrownBearWhatDoYouSee,Henry Holt and Co. (BYR)
149,2019,TheUnofficialHarryPotterCookbookFrom…,Adams Media
150,2019,TheMuellerReport,Scribner 
151,2019,ZenasF*ckZenasF*ckJournals,Castle Point Books 
152,2019,RichDadPoorDadWhattheRichTeachTheir…,Plata Publishing
153,2019,TheInstitute,Scribner
154,2019,TheTestamentsTheSequeltoTheHandmaid's…,Anchor 
155,2019,SuperDeluxeEssentialHandbookPokémon…,Scholastic Inc.
156,2019,LetteringandModernCalligraphyABeginner's…,June & Lucy 
157,2019,CarsonDellosa|FirstWordsFlashCards|…,Carson Dellosa Education
158,2019,AtomicHabitsAnEasy&ProvenWaytoBuild…,Genius Press 
159,2019,MakeYourBedLittleThingsThatCanChange…,Grand Central Publishing
160,2019,TheGiftsofImperfectionLetGoofWhoYou…,Brilliance Audio
161,2019,SapiensABriefHistoryofHumankind,Harper Perennial
162,2019,WhattoExpectWhenYou'reExpecting,Workman Publishing Company
163,2019,WheretheCrawdadsSing,G.P. Putnam's Sons
164,2019,DaringGreatlyHowtheCouragetoBe…,Avery
165,2019,TheAlchemist25thAnniversaryAFableAbout…,HarperOne
166,2019,PublicationManualoftheAmerican…,American Psychological Association
167,2019,ThePout-PoutFish,Farrar Straus and Giroux 
168,2019,TalkingtoStrangersWhatWeShouldKnow…,"Little, Brown and Company"
169,2019,DearZooALift-the-FlapBook,Little Simon
170,2019,TheOverstory,W. W. Norton & Company
171,2019,Fahrenheit451,Simon & Schuster
172,2019,StrengthsFinder2.0,Gallup Press
173,2019,12RulesforLifeAnAntidotetoChaos,Random House Canada
174,2019,EleanorOliphantIsCompletelyFine,Penguin Books
175,2019,MeEltonJohnOfficialAutobiography,Henry Holt and Co.
176,2019,TheRoadBacktoYouAnEnneagramJourneyto…,IVP Books 
177,2019,TheTattooistofAuschwitz,Harper Paperbacks
178,2019,PeopleofWalmart.comAdultColoringBook…,Day Drankin' Press 
179,2019,TheGreatGatsby,Scribner 
180,2019,TheCompleteCookbookforYoungChefs100+…,Sourcebooks Explore 
181,2019,BlowoutCorruptedDemocracyRogueState…,Crown
182,2019,LoveYouForever,Firefly Books 
183,2019,TheEasy5-IngredientKetogenicDietCookbook…,Rockridge Press 
184,2019,TheGivingTree,Harper & Row
185,2019,DragonsLoveTacos,Dial Books
186,2019,HowtoWinFriends&InfluencePeople,Pocket Books 
187,2019,MagnoliaTableACollectionofRecipesfor…,William Morrow Cookbooks
188,2019,TheObesityCodeUnlockingtheSecretsof…,Greystone Books
189,2019,MagicTreeHouseBoxedSetBooks1-4…,Random House Books for Young Readers
190,2019,ThenSheWasGone,Atria Books
191,2019,ThePioneersTheHeroicStoryoftheSettlers…,Simon & Schuster 
192,2019,WackyWavingInflatableTubeGuyRPMinis
193,2019,MedicalMediumLiverRescueAnswersto…,Hay House Inc.
194,2019,TheCareandKeepingofYouTheBodyBookfor…,American Girl
195,2019,There'sNoPlaceLikeSpaceAllAboutOurSolar…,Random House Books for Young Readers
196,2019,HowtoDraw101Animals,Imagine That
197,2019,UnicornActivityBookforKidsAges4-8AFun…,Modern Kid Press 
198,2019,SimplyKetoAPracticalApproachtoHealth&…,Victory Belt Publishing
199,2019,TheOutsiders,Speak
200,2019,TheTryNottoLaughChallenge-WouldYour…,Try Not to Laugh Challenge Group
201,2018,Becoming,Crown
202,2018,GirlWashYourFaceStopBelievingtheLies…,Thomas Nelson on Brilliance Audio
203,2018,TheWonkyDonkey,Scholastic Paperbacks
204,2018,FireandFuryInsidetheTrumpWhiteHouse,Henry Holt and Company
205,2018,FearTrumpintheWhiteHouse,Simon & Schuster
206,2018,LastWeekTonightwithJohnOliverPresentsA…,Chronicle Books
207,2018,12RulesforLifeAnAntidotetoChaos,Random House Canada
208,2018,MagnoliaTableACollectionofRecipesfor…,William Morrow Cookbooks
209,2018,WhoseBoatIsThisBoatCommentsThatDon't…,Simon & Schuster
210,2018,TheSubtleArtofNotGivingaF*ckA…,Harper
211,2018,AHigherLoyaltyTruthLiesandLeadership,Flatiron Books
212,2018,TheCompleteKetogenicDietforBeginnersYour…,Rockridge Press 
213,2018,TheMeltdownDiaryofaWimpyKidBook13,Amulet Books
214,2018,The5LoveLanguagesTheSecrettoLovethat…,Northfield Publishing
215,2018,First100Words,Priddy Books US
216,2018,DogManLordoftheFleasFromtheCreatorof…,Graphix
217,2018,EducatedAMemoir,Random House
218,2018,YouAreaBadassHowtoStopDoubtingYour…,Running Press Adult
219,2018,ThePlantParadoxTheHiddenDangersin…,Tantor Audio
220,2018,GiraffesCan'tDance,Cartwheel Books
221,2018,Player'sHandbookDungeons&Dragons,Wizards of the Coast
222,2018,HomebodyAGuidetoCreatingSpacesYou…,Harper Design
223,2018,TheVeryHungryCaterpillar,World of Eric Carle 
224,2018,CrazyRichAsiansCrazyRichAsiansTrilogy,Anchor 
225,2018,TheHateUGive,Balzer + Bray
226,2018,TheInstantPotElectricPressureCooker…,Rockridge Press 
227,2018,TheFourAgreementsAPracticalGuideto…,Amber-Allen Publishing Incorporated 
228,2018,TheWonderfulThingsYouWillBe,Random House Books for Young Readers
229,2018,PisforPottySesameStreetLift-the-Flap,Random House Books for Young Readers
230,2018,ThePout-PoutFish,Farrar Straus and Giroux 
231,2018,LetteringandModernCalligraphyABeginner's…,June & Lucy 
232,2018,PublicationManualoftheAmerican…,American Psychological Association
233,2018,DearZooALift-the-FlapBook,Little Simon
234,2018,OhthePlacesYou'llGo  ,Random House Books for Young Readers 
235,2018,DogManandCatKidFromtheCreatorof…,Graphix 
236,2018,GoodnightMoon,HarperCollins
237,2018,SaltFatAcidHeatMasteringtheElementsof…,Simon and Schuster
238,2018,AWrinkleinTimeTimeQuintet,Square Fish
239,2018,HowtoWinFriends&InfluencePeople,Pocket Books 
240,2018,DogManBrawloftheWildFromtheCreatorof…,Graphix
241,2018,InstantPotPressureCookerCookbook500…,Independently published 
242,2018,MilkandHoney,Andrews McMeel Publishing
243,2018,LittleFiresEverywhere,Penguin Books
244,2018,KitchenConfidentialUpdatedEdition…,Ecco
245,2018,ThePresidentIsMissing,Grand Central Publishing
246,2018,SchoolZone-BigPreschoolWorkbook-Ages4…,School Zone Publishing
247,2018,ThePlantParadoxCookbook100Delicious…,Harper Wave
248,2018,ReadyPlayerOne,Ballantine Books
249,2018,Fahrenheit451,Simon & Schuster
250,2018,ShipofFoolsHowaSelfishRulingClassIs…,Thorndike Press Large Print
251,2018,TheAlchemist25thAnniversaryAFableAbout…,HarperOne
252,2018,Wonder,Knopf Books for Young Readers
253,2018,ToKillaMockingbird,Harper Perennial 
254,2018,TheWhole30The30-DayGuidetoTotalHealth…,Houghton Mifflin Harcourt
255,2018,TheKetoDietTheCompleteGuidetoaHigh-Fat…,Victory Belt Publishing
256,2018,EverybodyAlwaysBecomingLoveinaWorld…,Thomas Nelson
257,2018,BeforeWeWereYours,Ballantine Books 
258,2018,TheReckoning,Dell 
259,2018,BrownBearBrownBearWhatDoYouSee,Henry Holt and Co. (BYR)
260,2018,BeneathaScarletSky,Lake Union Publishing
261,2018,WhattoExpectWhenYou'reExpecting,Workman Publishing Company
262,2018,PrinciplesLifeandWork,Simon & Schuster
263,2018,AstrophysicsforPeopleinaHurry,W. W. Norton & Company
264,2018,Laugh-Out-LoudJokesforKids,Revell 
265,2018,MedicalMediumLiverRescueAnswersto…,Hay House Inc.
266,2018,TheOfficialSATStudyGuide2018Edition…,College Board
267,2018,CalmtheF*ckDownAnIrreverentAdult…,CreateSpace Independent Publishing Platform
268,2018,TheCareandKeepingofYouTheBodyBookfor…,American Girl
269,2018,TheOutsider,Scribner
270,2018,WheretheCrawdadsSing,G.P. Putnam's Sons
271,2018,Dungeons&DragonsDungeonMaster'sGuide…,Wizards of the Coast 
272,2018,SapiensABriefHistoryofHumankind,Harper Perennial
273,2018,LoveYouForever,Firefly Books 
274,2018,DragonsLoveTacos,Dial Books
275,2018,TheWomanintheWindow,William Morrow Paperbacks
276,2018,Dungeons&DragonsMonsterManualCore…,Wizards of the Coast 
277,2018,SimplyKetoAPracticalApproachtoHealth&…,Victory Belt Publishing
278,2018,StrengthsFinder2.0,Gallup Press
279,2018,ExtremeOwnershipHowU.S.NavySEALsLead…,St. Martin's Press
280,2018,TheRussiaHoaxTheIllicitSchemetoClear…,Broadside Books
281,2018,HowtoDraw101Animals,Imagine That
282,2018,TheSunandHerFlowers,Andrews McMeel Publishing
283,2018,TheLife-ChangingMagicofTidyingUpThe…,Ten Speed Press
284,2018,TheEasy5-IngredientKetogenicDietCookbook…,Rockridge Press 
285,2018,WhereDoDiggersSleepatNightWhere…,Random House Books for Young Readers
286,2018,The7HabitsofHighlyEffectivePeople…,Simon & Schuster
287,2018,WhiskeyinaTeacupWhatGrowingUpinthe…,Atria Books
288,2018,Man'sSearchforMeaningOLDEDITION/OUT…,Beacon Press
289,2018,TheGreatAlone,St. Martin's Press
290,2018,TheTotalMoneyMakeoverClassicEditionA…,Thomas Nelson
291,2018,CravingsHungryforMoreACookbook,Clarkson Potter
292,2018,TheHandmaid'sTale,Anchor
293,2018,TheGiftsofImperfectionLetGoofWhoYou…,Brilliance Audio
294,2018,TheGreatGatsby,Scribner 
295,2018,TheBodyKeepstheScoreBrainMindandBody…,Penguin Books
296,2018,GmorningGnightLittlePepTalksforMe&You,Random House
297,2018,RichDadPoorDadWhattheRichTeachTheir…,Plata Publishing
298,2018,MakeYourBedLittleThingsThatCanChange…,Grand Central Publishing
299,2018,HarryPotterPaperbackBoxSetBooks1-7,Arthur A. Levine Books
300,2018,Xanathar'sGuidetoEverythingDungeons&…,Wizards of the Coast
301,2017,Wonder,Knopf Books for Young Readers
302,2017,MilkandHoney,Andrews McMeel Publishing
303,2017,GiraffesCan'tDance,Cartwheel Books
304,2017,TheSubtleArtofNotGivingaF*ckA…,Harper
305,2017,TheGetaway,Harry N. Abrams
306,2017,TheInstantPotElectricPressureCooker…,Rockridge Press 
307,2017,HillbillyElegyAMemoirofaFamilyandCulture…,Harper Paperbacks
308,2017,AstrophysicsforPeopleinaHurry,W. W. Norton & Company
309,2017,First100Words,Priddy Books US
310,2017,TheWhole30The30-DayGuidetoTotalHealth…,Houghton Mifflin Harcourt
311,2017,TheHandmaid'sTale,Anchor
312,2017,The5LoveLanguagesTheSecrettoLovethat…,Northfield Publishing
313,2017,YouAreaBadassHowtoStopDoubtingYour…,Running Press Adult
314,2017,WhatHappened,Simon & Schuster
315,2017,OhthePlacesYou'llGo  ,Random House Books for Young Readers 
316,2017,MakeYourBedLittleThingsThatCanChange…,Grand Central Publishing
317,2017,1984SignetClassics,Signet Classic 
318,2017,HowtoWinFriends&InfluencePeople,Pocket Books 
319,2017,OriginRobertLangdon
320,2017,AManCalledOve,Washington Square Press
321,2017,TheSunandHerFlowers,Andrews McMeel Publishing
322,2017,DearZooALift-the-FlapBook,Little Simon
323,2017,TheFourAgreementsAPracticalGuideto…,Amber-Allen Publishing Incorporated 
324,2017,TheGoing-To-BedBook,Little Simon
325,2017,StrengthsFinder2.0,Gallup Press
326,2017,TheWonderfulThingsYouWillBe,Random House Books for Young Readers
327,2017,TheShackWhereTragedyConfrontsEternity,Windblown Media
328,2017,TheLife-ChangingMagicofTidyingUpThe…,Ten Speed Press
329,2017,OptionBFacingAdversityBuildingResilience…,Knopf
330,2017,ThugKitchenTheOfficialCookbookEatLike…,Rodale Books
331,2017,AGentlemaninMoscow,Penguin Books
332,2017,PublicationManualoftheAmerican…,American Psychological Association
333,2017,GoodnightMoon,HarperCollins
334,2017,ThirteenReasonsWhy,Razorbill
335,2017,LeonardodaVinci,Simon & Schuster
336,2017,ThePout-PoutFish,Farrar Straus and Giroux 
337,2017,HarryPotterandthePrisonerofAzkabanThe…,Scholastic Paperbacks 
338,2017,IfAnimalsKissedGoodNight,Farrar Straus and Giroux 
339,2017,BrownBearBrownBearWhatDoYouSee,Henry Holt and Co. (BYR)
340,2017,Player'sHandbookDungeons&Dragons,Wizards of the Coast
341,2017,TheVeryHungryCaterpillar,World of Eric Carle 
342,2017,PuppyBirthdaytoYouPawPatrolLittle…,Golden Books
343,2017,Laugh-Out-LoudJokesforKids,Revell 
344,2017,ToolsofTitansTheTacticsRoutinesandHabits…,Houghton Mifflin Harcourt
345,2017,MilkandVineInspirationalQuotesFromClassic…,Independently published 
346,2017,ReadyPlayerOne,Ballantine Books
347,2017,DogManATaleofTwoKittiesFromtheCreator…,Graphix
348,2017,ObamaAnIntimatePortrait,Little Brown and Company
349,2017,The7HabitsofHighlyEffectivePeople…,Simon & Schuster
350,2017,KillersoftheFlowerMoonTheOsageMurders…,Vintage
351,2017,TheCareandKeepingofYouTheBodyBookfor…,American Girl
352,2017,UninvitedLivingLovedWhenYouFeelLess…,Thomas Nelson on Brilliance Audio
353,2017,BigLittleLies,Berkley
354,2017,TheOfficialSATStudyGuide2018Edition…,College Board
355,2017,TheWhole30Cookbook150Deliciousand…,Houghton Mifflin Harcourt
356,2017,ThinkingFastandSlow,Farrar Straus and Giroux
357,2017,JesusCallingEnjoyingPeaceinHisPresence…,Thomas Nelson
358,2017,WhattoExpectWhenYou'reExpecting,Workman Publishing Company
359,2017,N/A
360,2017,TheGreatGatsby,Scribner 
361,2017,TheWisdomofSundaysLife-ChangingInsights…,Flatiron Books 
362,2017,PisforPottySesameStreetLift-the-Flap,Random House Books for Young Readers
363,2017,TheRoosterBar,Dell 
364,2017,TheGivingTree,Harper & Row
365,2017,ShePersisted13AmericanWomenWho…,Philomel Books
366,2017,OnTyrannyTwentyLessonsfromtheTwentieth…,Tim Duggan Books
367,2017,TheAlchemist25thAnniversaryAFableAbout…,HarperOne
368,2017,Fahrenheit451,Simon & Schuster
369,2017,CaminoIsland,Dell
370,2017,TurtlesAlltheWayDown,Penguin Books
371,2017,TheGiftsofImperfectionLetGoofWhoYou…,Brilliance Audio
372,2017,LoveYouForever,Firefly Books 
373,2017,ThePioneerWomanCooksComeandGetIt…,William Morrow Cookbooks
374,2017,MindsetTheNewPsychologyofSuccess,Ballantine Books
375,2017,WhereIsBaby'sBellyButtonALift-the-FlapBook,Little Simon
376,2017,Grant,Penguin Books
377,2017,LuntSolarSystemsJuniorSizePremiumCE&ISOCertifiedEclipseGlassesPackof4
378,2017,SapiensABriefHistoryofHumankind,Harper Perennial
379,2017,TheIntelligentInvestorTheDefinitiveBookon…,Harper Business
380,2017,ThePlantParadoxTheHiddenDangersin…,Tantor Audio
381,2017,TheTrialsofApolloBookTwoTheDark…,Disney-Hyperion
382,2017,EverythingEverything,Ember
383,2017,StartwithWhyHowGreatLeadersInspire…,Portfolio
384,2017,NorseMythology,W. W. Norton & Company
385,2017,BeneathaScarletSky,Lake Union Publishing
386,2017,DogManUnleashedFromtheCreatorof…,Scholastic Children's Books 
387,2017,LilacGirls,Ballantine Books
388,2017,HarryPotterandtheSorcerer'sStoneThe…,Scholastic Inc.
389,2017,MagnusChaseandtheGodsofAsgardBook3…,Disney-Hyperion
390,2017,AlFrankenGiantoftheSenate,Twelve
391,2017,PrinciplesLifeandWork,Simon & Schuster
392,2017,DaringGreatlyHowtheCouragetoBe…,Avery
393,2017,TheCompleteKetogenicDietforBeginnersYour…,Rockridge Press 
394,2017,PokémonDeluxeEssentialHandbookTheNeed…,Scholastic Inc.
395,2017,10-DayGreenSmoothieCleanse,Simon & Schuster 
396,2017,TheTotalMoneyMakeoverClassicEditionA…,Thomas Nelson
397,2017,DragonsLoveTacos,Dial Books
398,2017,HarryPotterPaperbackBoxSetBooks1-7,Arthur A. Levine Books
399,2017,KillingEnglandTheBrutalStrugglefor…,Henry Holt and Co.
400,2017,RosieRevereEngineer,Harry N. Abrams
401,2016,HarryPotterandtheCursedChildParts1&2…,Arthur A. Levine Books 
402,2016,StrengthsFinder2.0,Gallup Press
403,2016,First100Words,Priddy Books US
404,2016,TheLife-ChangingMagicofTidyingUpThe…,Ten Speed Press
405,2016,OhthePlacesYou'llGo  ,Random House Books for Young Readers 
406,2016,DoubleDownDiaryofaWimpyKid#11,Harry N. Abrams
407,2016,WhenBreathBecomesAir,Random House
408,2016,GiraffesCan'tDance,Cartwheel Books
409,2016,The5LoveLanguagesTheSecrettoLovethat…,Northfield Publishing
410,2016,TheWhole30The30-DayGuidetoTotalHealth…,Houghton Mifflin Harcourt
411,2016,AManCalledOve,Washington Square Press
412,2016,KillingtheRisingSunHowAmericaVanquished…,Henry Holt and Co.
413,2016,HowtoWinFriends&InfluencePeople,Pocket Books 
414,2016,TheMagnoliaStory,Thomas Nelson
415,2016,Laugh-Out-LoudJokesforKids,Revell 
416,2016,ToKillaMockingbird,Harper Perennial 
417,2016,HillbillyElegyAMemoirofaFamilyandCulture…,Harper Paperbacks
418,2016,FantasticBeastsandWheretoFindThemThe…,Arthur A. Levine Books
419,2016,HamiltonTheRevolution,Grand Central Publishing
420,2016,TheGirlontheTrain,Riverhead Books
421,2016,MindsetTheNewPsychologyofSuccess,Ballantine Books
422,2016,TheOfficialSATStudyGuide2016Edition…,College Board
423,2016,AdultColoringBookDesignsStressRelief…,New Castle P&P 
424,2016,TheFourAgreementsAPracticalGuideto…,Amber-Allen Publishing Incorporated 
425,2016,MilkandHoney,Andrews McMeel Publishing
426,2016,TheGoing-To-BedBook,Little Simon
427,2016,BorntoRun,Vintage
428,2016,AlexanderHamilton,Penguin Books 
429,2016,TheVeryHungryCaterpillar,World of Eric Carle 
430,2016,The7HabitsofHighlyEffectivePeople…,Simon & Schuster
431,2016,TheConstitutionoftheUnitedStates,Applewood Books
432,2016,Wonder,Knopf Books for Young Readers
433,2016,TheWonderfulThingsYouWillBe,Random House Books for Young Readers
434,2016,YouAreaBadassHowtoStopDoubtingYour…,Running Press Adult
435,2016,ThugKitchenTheOfficialCookbookEatLike…,Rodale Books
436,2016,PokémonDeluxeEssentialHandbookTheNeed…,Scholastic Inc.
437,2016,PublicationManualoftheAmerican…,American Psychological Association
438,2016,CravingsRecipesforAlltheFoodYouWantto…,Clarkson Potter
439,2016,BetweentheWorldandMe,One World
440,2016,CalmtheF*ckDownAnIrreverentAdult…,CreateSpace Independent Publishing Platform
441,2016,DearZooALift-the-FlapBook,Little Simon
442,2016,JesusCallingEnjoyingPeaceinHisPresence…,Thomas Nelson
443,2016,NightNight,Hill and Wang 
444,2016,N/A
445,2016,HarryPotterPaperbackBoxSetBooks1-7,Arthur A. Levine Books
446,2016,HarryPotterandtheSorcerer'sStoneThe…,Scholastic Inc.
447,2016,10-DayGreenSmoothieCleanse,Simon & Schuster 
448,2016,UninvitedLivingLovedWhenYouFeelLess…,Thomas Nelson on Brilliance Audio
449,2016,TheNightingale,St. Martin's Griffin
450,2016,HarryPotterandtheChamberofSecretsThe…,Arthur A. Levine Books
451,2016,Fahrenheit451,Simon & Schuster
452,2016,LoveYouForever,Firefly Books 
453,2016,TheGreatGatsby,Scribner 
454,2016,TheFiveDysfunctionsofaTeamALeadership…,Jossey-Bass
455,2016,AlltheLightWeCannotSee,Scribner
456,2016,BrownBearBrownBearWhatDoYouSee,Henry Holt and Co. (BYR)
457,2016,TheAlchemist25thAnniversaryAFableAbout…,HarperOne
458,2016,FerventAWoman'sBattlePlantoSerious…,B&H Books
459,2016,TheWhistler,Dell
460,2016,IfAnimalsKissedGoodNight,Farrar Straus and Giroux 
461,2016,CookingforJeffreyABarefootContessaCookbook,Clarkson Potter
462,2016,TheTrialsofApolloBook1TheHiddenOracle…,Disney-Hyperion
463,2016,Knock-KnockJokesforKids,Revell 
464,2016,PuppyBirthdaytoYouPawPatrolLittle…,Golden Books
465,2016,TheGiftsofImperfectionLetGoofWhoYou…,Brilliance Audio
466,2016,CrisisofCharacterAWhiteHouseSecretService…,Center Street
467,2016,First100Animals,Priddy Books US
468,2016,AdultColoringBooksAColoringBookforAdults…,Independently published 
469,2016,GoodnightMoon,HarperCollins
470,2016,DaringGreatlyHowtheCouragetoBe…,Avery
471,2016,MissPeregrine'sHomeforPeculiarChildrenMiss…,Quirk Books
472,2016,GritThePowerofPassionandPerseverance,Scribner
473,2016,EmotionalIntelligence2.0,TalentSmart
474,2016,TheUndergroundRailroadPulitzerPrize…,Anchor
475,2016,TheOutsiders,Speak
476,2016,TheFoodLabBetterHomeCookingThrough…,W. W. Norton & Company
477,2016,MeBeforeYouMovieTie-In
478,2016,ChickaChickaBoomBoomBoardBook,Little Simon 
479,2016,TheCareandKeepingofYouTheBodyBookfor…,American Girl
480,2016,PottyLesliePatricelliboardbooks,Candlewick
481,2016,ToolsofTitansTheTacticsRoutinesandHabits…,Houghton Mifflin Harcourt
482,2016,First100PaddedNumbersColorsShapes,Priddy Books US
483,2016,GoodVibesColoringBookColoringisFun…,Design Originals
484,2016,TheInstantPotElectricPressureCooker…,Rockridge Press 
485,2016,QuietingYourHeart6-MonthBible-StudyJournal,Time-Warp Wife Ministries 
486,2016,TheBookwithNoPictures,Dial Books
487,2016,CreativeHavenOwlsColoringBookAdult…,Dover Publications
488,2016,MagnusChaseandtheGodsofAsgardBook2…,Disney-Hyperion
489,2016,SecretGardenAnInkyTreasureHuntand…,Laurence King Publishing
490,2016,HarryPotterandtheSorcerer'sStone,Scholastic Inc.
491,2016,DragonsLoveTacos,Dial Books
492,2016,Player'sHandbookDungeons&Dragons,Wizards of the Coast
493,2016,TheEverythingKids'ScienceExperimentsBook…,Everything
494,2016,1984SignetClassics,Signet Classic 
495,2016,TheGiver1GiverQuartet,HMH Books for Young Readers
496,2016,N/A
497,2016,ThinkingFastandSlow,Farrar Straus and Giroux
498,2016,LittleBlueTruckboardbook,HMH Books for Young Readers 
499,2016,HarryPotterColoringBook,Scholastic Inc.
500,2016,TheDaytheCrayonsQuit,Philomel Books
501,2015,First100Words,Priddy Books US
502,2015,TheLife-ChangingMagicofTidyingUpThe…,Ten Speed Press
503,2015,Laugh-Out-LoudJokesforKids,Revell 
504,2015,SecretGardenAnInkyTreasureHuntand…,Laurence King Publishing
505,2015,StrengthsFinder2.0,Gallup Press
506,2015,GoSetaWatchman,Harper Perennial Modern Classics
507,2015,EnchantedForestAnInkyQuestandColoring…,Laurence King Publishing
508,2015,AlltheLightWeCannotSee,Scribner
509,2015,TheGirlontheTrain,Riverhead Books
510,2015,AdultColoringBookStressRelievingPatterns,Blue Star Coloring
511,2015,OldSchoolDiaryofaWimpyKid#10,Harry N. Abrams
512,2015,ToKillaMockingbird,Harper Perennial 
513,2015,AdultColoringBookStressRelievingAnimal…,Savanna Magic 
514,2015,AdultColoringBooksAColoringBookforAdults…,Independently published 
515,2015,HumansofNewYorkStories,St. Martin's Press
516,2015,TheMartian,Broadway Books
517,2015,OhthePlacesYou'llGo  ,Random House Books for Young Readers 
518,2015,Knock-KnockJokesforKids,Revell 
519,2015,DearZooALift-the-FlapBook,Little Simon
520,2015,TheDaytheCrayonsQuit,Philomel Books
521,2015,TheBoysintheBoatNineAmericansandTheir…,Penguin Books 
522,2015,JesusCallingEnjoyingPeaceinHisPresence…,Thomas Nelson
523,2015,MindsetTheNewPsychologyofSuccess,Ballantine Books
524,2015,GreyFiftyShadesofGreyasToldbyChristian…,Vintage
525,2015,CreativeHavenCreativeCatsColoringBook…,Dover Publications
526,2015,HowtoWinFriends&InfluencePeople,Pocket Books 
527,2015,The5LoveLanguagesTheSecrettoLovethat…,Northfield Publishing
528,2015,BalanceAngie'sExtremeStressMenders,CreateSpace Independent Publishing Platform 
529,2015,CreativeHavenOwlsColoringBookAdult…,Dover Publications
530,2015,ThugKitchenTheOfficialCookbookEatLike…,Rodale Books
531,2015,GiraffesCan'tDance,Cartwheel Books
532,2015,Wonder,Knopf Books for Young Readers
533,2015,The7HabitsofHighlyEffectivePeople…,Simon & Schuster
534,2015,TheFourAgreementsAPracticalGuideto…,Amber-Allen Publishing Incorporated 
535,2015,BeingMortalMedicineandWhatMattersinthe…,Atul Gawande
536,2015,LoveYouForever,Firefly Books 
537,2015,TheVeryHungryCaterpillar,World of Eric Carle 
538,2015,PublicationManualoftheAmerican…,American Psychological Association
539,2015,BetweentheWorldandMe,One World
540,2015,BabyTouchandFeelAnimals,DK Children
541,2015,TheBookwithNoPictures,Dial Books
542,2015,TheWrightBrothers,Simon & Schuster
543,2015,DoverCreativeHavenArtNouveauAnimal…,Dover Publications
544,2015,TheNightingale,St. Martin's Griffin
545,2015,ThePioneerWomanCooksDinnertime…,William Morrow Cookbooks
546,2015,WhatPetShouldIGetClassicSeuss,Random House Books for Young Readers
547,2015,KillingReaganTheViolentAssaultThat…,Henry Holt and Co.
548,2015,HarryPotterColoringBook,Scholastic Inc.
549,2015,AmericanSniperTheAutobiographyoftheMost…,HarperCollins
550,2015,TheWhole30The30-DayGuidetoTotalHealth…,Houghton Mifflin Harcourt
551,2015,DiaryofaMinecraftZombieBook1AScareofA…,Zack Zombie Publishing 
552,2015,TheGreatGatsby,Scribner 
553,2015,LostOceanAnInkyAdventureandColoring…,Penguin Books
554,2015,TheFiveDysfunctionsofaTeamALeadership…,Jossey-Bass
555,2015,TheOfficialSATStudyGuide,College Board
556,2015,10-DayGreenSmoothieCleanse,Simon & Schuster 
557,2015,TheGiftsofImperfectionLetGoofWhoYou…,Brilliance Audio
558,2015,ChickaChickaBoomBoomBoardBook,Little Simon 
559,2015,TheDaytheCrayonsCameHome,Philomel Books
560,2015,WhatIfSeriousScientificAnswerstoAbsurd…,Houghton Mifflin Harcourt
561,2015,PaperTowns,Penguin Books
562,2015,UnbrokenAWorldWarIIStoryofSurvival…,Random House Trade Paperback
563,2015,GetWhat'sYoursTheSecretstoMaxingOut…,Simon & Schuster
564,2015,MagnusChaseandtheGodsofAsgardBook1…,Disney-Hyperion
565,2015,DragonsLoveTacos,Dial Books
566,2015,Fahrenheit451,Simon & Schuster
567,2015,TheCareandKeepingofYouTheBodyBookfor…,American Girl
568,2015,PottyLesliePatricelliboardbooks,Candlewick
569,2015,ThingExplainerComplicatedStuffinSimple…,Houghton Mifflin Harcourt
570,2015,DeadWakeTheLastCrossingoftheLusitania,Crown
571,2015,TheGoing-To-BedBook,Little Simon
572,2015,InspiralizedTurnVegetablesintoHealthy…,Clarkson Potter
573,2015,MysticalMandalaColoringBookDoverDesign…,Dover Publications 
574,2015,DiagnosticandStatisticalManualofMental…,American Psychiatric Publishing
575,2015,UltimateStickerBookFrozenMoreThan60…,DK Children
576,2015,The20/20DietTurnYourWeightLossVision…,Ghost Mountain Books
577,2015,NightNight,Hill and Wang 
578,2015,WhattoExpectWhenYou'reExpecting,Workman Publishing Company
579,2015,TheJesusStorybookBibleEveryStoryWhispers…,ZonderKidz
580,2015,TheRoadtoCharacter,Random House Trade Paperbacks
581,2015,WhereIsBaby'sBellyButtonALift-the-FlapBook,Little Simon
582,2015,TheAlchemist25thAnniversaryAFableAbout…,HarperOne
583,2015,GuessHowMuchILoveYou,Candlewick
584,2015,CreativeColoringInspirationsArtActivityPages…,Design Originals
585,2015,LittleBlueTruck,HMH Books for Young Readers
586,2015,TheOutsiders,Speak
587,2015,ThinkingFastandSlow,Farrar Straus and Giroux
588,2015,TheEverythingKids'ScienceExperimentsBook…,Everything
589,2015,1984SignetClassics,Signet Classic 
590,2015,CrucialConversationsToolsforTalkingWhen…,McGraw-Hill Education
591,2015,EmotionalIntelligence2.0,TalentSmart
592,2015,FortheLoveFightingforGraceinaWorldof…,Thomas Nelson
593,2015,PressHereInteractiveBookforToddlersand…,Chronicle Books
594,2015,LittleBlueTruckboardbook,HMH Books for Young Readers 
595,2015,BrownBearBrownBearWhatDoYouSee,Henry Holt and Co. (BYR)
596,2015,ALongWalktoWaterBasedonaTrueStory,HMH Books for Young Readers
597,2015,AGameofThrones/AClashofKings/AStorm…,Bantam
598,2015,RogueLawyer,Dell 
599,2015,DetailedDesignsandBeautifulPatternsSacred…,CreateSpace Independent Publishing Platform
600,2015,LordoftheFlies,Penguin Books
601,2014,StrengthsFinder2.0,Gallup Press
602,2014,FrozenLittleGoldenBook,Golden/Disney
603,2014,Laugh-Out-LoudJokesforKids,Revell 
604,2014,TheFaultinOurStars,Penguin Books
605,2014,DiaryofaWimpyKidTheLongHaul,Amulet Books
606,2014,KillingPattonTheStrangeDeathofWorldWar…,Henry Holt and Company
607,2014,WhatIfSeriousScientificAnswerstoAbsurd…,Houghton Mifflin Harcourt
608,2014,TheBloodofOlympusTheHeroesofOlympus5,Disney-Hyperion
609,2014,JesusCallingEnjoyingPeaceinHisPresence…,Thomas Nelson
610,2014,UnbrokenAWorldWarIIStoryofSurvival…,Random House Trade Paperback
611,2014,UltimateStickerBookFrozenMoreThan60…,DK Children
612,2014,TheDaytheCrayonsQuit,Philomel Books
613,2014,Divergent,Katherine Tegen Books
614,2014,TheFaultinOurStars,Penguin Books
615,2014,OhthePlacesYou'llGo  ,Random House Books for Young Readers 
616,2014,ToKillaMockingbird,Harper Perennial 
617,2014,GoneGirl,Crown
618,2014,TheBookThief,Knopf Books for Young Readers
619,2014,TheOfficialSATStudyGuide,College Board
620,2014,HumansofNewYork,St. Martin's Press 
621,2014,TheGoldfinchPulitzerPrizeforFiction
622,2014,DiagnosticandStatisticalManualofMental…,American Psychiatric Publishing
623,2014,Wonder,Knopf Books for Young Readers
624,2014,TheBookwithNoPictures,Dial Books
625,2014,RushRevereandtheFirstPatriotsTime-Travel…,Threshold Editions
626,2014,The5LoveLanguagesTheSecrettoLoveThat…
627,2014,Knock-KnockJokesforKids,Revell 
628,2014,JOURNEYTOTHEICEP,Golden/Disney
629,2014,PublicationManualoftheAmerican…,American Psychological Association
630,2014,LittleBlueTruck,HMH Books for Young Readers
631,2014,MakeItAheadABarefootContessaCookbook,Clarkson Potter
632,2014,First100Words,Priddy Books US
633,2014,IfIStay,Speak
634,2014,AGameofThrones/AClashofKings/AStorm…,Bantam
635,2014,Divergent/Insurgent,Katherine Tegen Books
636,2014,CapitalintheTwentyFirstCentury,Belknap Press
637,2014,OrphanTrain,William Morrow
638,2014,MindsetTheNewPsychologyofSuccess,Ballantine Books
639,2014,HowtoWinFriends&InfluencePeople,Pocket Books 
640,2014,TheVeryHungryCaterpillar,World of Eric Carle 
641,2014,AlltheLightWeCannotSee,Scribner
642,2014,GrainBrainTheSurprisingTruthaboutWheat…,Little Brown Spark
643,2014,UnbrokenAWorldWarIIStoryofSurvival…,Random House Trade Paperback
644,2014,ThugKitchenTheOfficialCookbookEatLike…,Rodale Books
645,2014,TheAlchemist,HarperOne
646,2014,LookingforAlaska,Penguin Books
647,2014,TheGreatGatsby,Scribner 
648,2014,TheBoysintheBoatNineAmericansandTheir…,Penguin Books 
649,2014,LoveYouForever,Firefly Books 
650,2014,TheMazeRunnerBook1,Delacorte Press
651,2014,Allegiant,Katherine Tegen Books
652,2014,YesPlease,Dey Street
653,2014,TheFiveDysfunctionsofaTeamALeadership…,Jossey-Bass
654,2014,TheFourAgreementsAPracticalGuideto…,Amber-Allen Publishing Incorporated 
655,2014,The7HabitsofHighlyEffectivePeople…,Simon & Schuster
656,2014,41APortraitofMyFather,Crown 
657,2014,MinecraftTheCompleteHandbookCollection,Scholastic
658,2014,FrozenATaleofTwoSisters,RH/Disney
659,2014,RushRevereandtheBravePilgrimsTime-Travel…,Threshold Editions
660,2014,TheGiftsofImperfectionLetGoofWhoYou…,Brilliance Audio
661,2014,Divergent/Insurgent/Allegiant,Katherine Tegen Books
662,2014,HeavenisforRealALittleBoy'sAstounding…,Thomas Nelson
663,2014,FlashBoys,W. W. Norton & Company
664,2014,RushRevereandtheAmericanRevolutionTime…,Threshold Editions
665,2014,DearZooALift-the-FlapBook,Little Simon
666,2014,TheGoing-To-BedBook,Little Simon
667,2014,TheWorldofIce&FireTheUntoldHistoryof…,Bantam
668,2014,TheRealACTPrepGuideOfficialActPrepGuide,Wiley
669,2014,GrayMountain,Dell 
670,2014,WhattoExpectWhenYou'reExpecting,Workman Publishing Company
671,2014,TheJesusStorybookBibleEveryStoryWhispers…,ZonderKidz
672,2014,LeanInWomenWorkandtheWilltoLead,Knopf
673,2014,TheInventionofWings,Penguin Books
674,2014,LordoftheFlies,Penguin Books
675,2014,NightNight,Hill and Wang 
676,2014,TheCatcherintheRye,Back Bay Books
677,2014,SoulHealingMiraclesAncientandNewSacred…,BenBella Books 
678,2014,TheCareandKeepingofYouTheBodyBookfor…,American Girl
679,2014,TheSkinnytasteCookbookLightonCaloriesBig…,Clarkson Potter
680,2014,Fahrenheit451,Simon & Schuster
681,2014,GoodnightGoodnightConstructionSite…,Chronicle Books
682,2014,PaperTowns,Penguin Books
683,2014,TheEverythingKids'ScienceExperimentsBook…,Everything
684,2014,1984SignetClassics,Signet Classic 
685,2014,TheOutsiders,Speak
686,2014,MONEYMastertheGame7SimpleStepsto…,Simon & Schuster
687,2014,GoodnightMoon,HarperCollins
688,2014,QuietThePowerofIntrovertsinaWorldThat…,Crown
689,2014,Revival,Gallery Books
690,2014,GiraffesCan'tDance,Cartwheel Books
691,2014,MinecraftRedstoneHandbookAnOfficial…,Scholastic Inc. 
692,2014,OfMiceandMen,Penguin Books
693,2014,10-DayGreenSmoothieCleanseLoseUpto15…
694,2014,CrucialConversationsToolsforTalkingWhen…,McGraw-Hill Education
695,2014,ADayintheSunDisneyFrozenPicturebackR,RH/Disney
696,2014,TheGiverGiverQuartet
697,2014,ChickaChickaBoomBoomBoardBook,Little Simon 
698,2014,AgainstAllGrainDelectablePaleoRecipesto…,Victory Belt Publishing
699,2014,MinecraftEssentialHandbook,Scholastic Inc.
700,2014,GoodtoGreatWhySomeCompaniesMakethe…,HarperBusiness
701,2013,StrengthsFinder2.0,Gallup Press
702,2013,LeanInWomenWorkandtheWilltoLead,Knopf
703,2013,DiaryofaWimpyKidHardLuckBook8,Harry N. Abrams
704,2013,RushRevereandtheBravePilgrimsTime-Travel…,Threshold Editions
705,2013,JesusCallingEnjoyingPeaceinHisPresence…,Thomas Nelson
706,2013,Inferno,Henry Holt and Co. 
707,2013,TheHouseofHadesHeroesofOlympusBook4,Disney-Hyperion
708,2013,ThingsThatMatterThreeDecadesofPassions…,Crown Forum
709,2013,TheGreatGatsby,Scribner 
710,2013,KillingJesusBillO'Reilly'sKillingSeries,Henry Holt and Co.
711,2013,ProofofHeavenANeurosurgeon'sJourneyinto…,Simon & Schuster
712,2013,DiagnosticandStatisticalManualofMental…,American Psychiatric Publishing
713,2013,TheOfficialSATStudyGuide,College Board
714,2013,TheFaultinOurStars,Penguin Books
715,2013,TheBookThief,Knopf Books for Young Readers
716,2013,Wonder,Knopf Books for Young Readers
717,2013,The5LoveLanguagesTheSecrettoLoveThat…
718,2013,PublicationManualoftheAmerican…,American Psychological Association
719,2013,Divergent,Katherine Tegen Books
720,2013,Laugh-Out-LoudJokesforKids,Revell 
721,2013,OhthePlacesYou'llGo  ,Random House Books for Young Readers 
722,2013,DavidandGoliathUnderdogsMisfitsandthe…,Little Brown and Company 
723,2013,GameofThronesBoxedSetAGameofThrones…,Bantam
724,2013,Allegiant,Katherine Tegen Books
725,2013,AndtheMountainsEchoed,Riverhead Books
726,2013,HumansofNewYork,St. Martin's Press 
727,2013,TheLegendofZeldaHyruleHistoria,Dark Horse Books
728,2013,DoctorSleep,Scribner
729,2013,Knock-KnockJokesforKids,Revell 
730,2013,TheGoldfinchPulitzerPrizeforFiction
731,2013,TheFourAgreementsAPracticalGuideto…,Amber-Allen Publishing Incorporated 
732,2013,GoneGirl,Crown
733,2013,GeorgeWashington'sSecretSixTheSpyRing…,Sentinel
734,2013,QuietThePowerofIntrovertsinaWorldThat…,Crown
735,2013,GoodnightGoodnightConstructionSite…,Chronicle Books
736,2013,SycamoreRowJakeBrigance,Doubleday
737,2013,WheatBellyLosetheWheatLosetheWeight…,Rodale Books
738,2013,ThePioneerWomanCooksAYearofHolidays…,William Morrow Cookbooks
739,2013,TheDaytheCrayonsQuit,Philomel Books
740,2013,HappyHappyHappyMyLifeandLegacyasthe…,Howard Books
741,2013,TheVeryHungryCaterpillar,World of Eric Carle 
742,2013,DaringGreatlyHowtheCouragetoBe…,Avery
743,2013,The7HabitsofHighlyEffectivePeople…,Simon & Schuster
744,2013,JoylandHardCaseCrime,Hard Case Crime
745,2013,FiftyShadesofGreyBookOneoftheFifty…,Vintage Books
746,2013,SoulHealingMiraclesAncientandNewSacred…,BenBella Books 
747,2013,ShredTheRevolutionaryDiet6Weeks4Inches…,Griffin
748,2013,HyperboleandaHalfUnfortunateSituations…,Gallery Books
749,2013,ToKillaMockingbird,Harper Perennial 
750,2013,TheFiveDysfunctionsofaTeamALeadership…,Jossey-Bass
751,2013,UnbrokenAWorldWarIIStoryofSurvival…,Random House Trade Paperback
752,2013,Ender'sGameTheEnderQuintet,Tor Science Fiction
753,2013,TheGiftsofImperfectionLetGoofWhoYou…,Brilliance Audio
754,2013,TheCuckoo'sCallingACormoranStrikeNovel1,Sphere 
755,2013,WhattoExpectWhenYou'reExpecting,Workman Publishing Company
756,2013,AmericatheBeautifulRediscoveringWhatMade…,Zonderva
757,2013,TheLibertyAmendmentsRestoringthe…,Threshold Editions
758,2013,ZEALOTTheLifeandTimesofJesusofNazareth,Random House Trade Paperbacks
759,2013,TheOneandOnlyIvan,HarperCollins
760,2013,GoodtoGreatWhySomeCompaniesMakethe…,HarperBusiness
761,2013,SI-COLOGY1TalesandWisdomfromDuck…,Howard Books
762,2013,IT'SALLGOODDeliciousEasyRecipesThatWill…,Grand Central Life & Style
763,2013,OutliersTheStoryofSuccess,Back Bay Books
764,2013,JerusalemACookbook,Ten Speed Press 
765,2013,BecomingaSuppleLeopardMovement…,Victory Belt Publishing
766,2013,GrainBrainTheSurprisingTruthaboutWheat…,Little Brown Spark
767,2013,LookingforAlaska,Penguin Books
768,2013,IAmMalalaTheGirlWhoStoodUpfor…,Back Bay Books
769,2013,LoveYouForever,Firefly Books 
770,2013,ThePerksofBeingaWallflower,MTV Books
771,2013,PracticalPaleoACustomizedApproachto…,Victory Belt Publishing
772,2013,FiftyShadesTrilogyFiftyShadesofGrey/Fifty…,Vintage
773,2013,TheFastDietLoseWeightStayHealthyandLive…,Atria Books
774,2013,TheJesusStorybookBibleEveryStoryWhispers…,ZonderKidz
775,2013,Divergent/Insurgent,Katherine Tegen Books
776,2013,HowtoWinFriends&InfluencePeople,Pocket Books 
777,2013,TheBullyPulpitTheodoreRooseveltWilliam…,Simon & Schuster
778,2013,TheHungerGamesBook1,Scholastic Press
779,2013,ObamaCareSurvivalGuideTheAffordableCare…,Humanix Books
780,2013,TheHarbingerTheAncientMysterythatHolds…,Frontline 
781,2013,TheImmortalLifeofHenriettaLacks,Crown 
782,2013,NightNight,Hill and Wang 
783,2013,FiftyShadesDarker,Vintage
784,2013,EattoLiveTheAmazingNutrient-RichProgram…,Little Brown Spark
785,2013,ForksOverKnives―TheCookbookOver300…,The Experiment
786,2013,FiftyShadesFreedBookThreeoftheFifty…,Vintage
787,2013,TheAlchemist,HarperOne
788,2013,TheCatcherintheRye,Back Bay Books
789,2013,MindsetTheNewPsychologyofSuccess,Ballantine Books
790,2013,WheatBellyCookbook150RecipestoHelpYou…,Rodale Books
791,2013,MyMathLabStudentAccessKit,Pearson
792,2013,TheCareandKeepingofYouTheBodyBookfor…,American Girl
793,2013,ThePowerofHabitWhyWeDoWhatWeDoin…,Random House
794,2013,TheReasonIJumpTheInnerVoiceofaThirteen…,Random House Trade Paperbacks
795,2013,StrengthsBasedLeadershipGreatLeaders…,Gallup Press
796,2013,KaplanGREPremier2014with6PracticeTests…,Kaplan Publishing
797,2013,TheLongestRide,Grand Central Publishing
798,2013,LifeCodeTheNewRulesforWinningintheReal…,Bird Street Books
799,2013,TheLegoIdeasBookUnlockYourImagination,DK Children
800,2013,AMemoryofLightWheelofTimeBook14…,Tor Books
801,2012,FiftyShadesofGreyBookOneoftheFifty…,Vintage Books
802,2012,FiftyShadesDarker,Vintage
803,2012,FiftyShadesFreedBookThreeoftheFifty…,Vintage
804,2012,TheHungerGamesBook1,Scholastic Press
805,2012,StrengthsFinder2.0,Gallup Press
806,2012,FiftyShadesTrilogyFiftyShadesofGrey/Fifty…,Vintage
807,2012,CatchingFireTheHungerGames,Scholastic Press
808,2012,MockingjayTheHungerGames,Scholastic Press
809,2012,TheThirdWheelDiaryofaWimpyKidBook7,Harry N. Abrams
810,2012,NoEasyDayTheAutobiographyofaNavySeal…,DUTTON Books
811,2012,TheHungerGamesTrilogyBoxedSet1,Scholastic Press
812,2012,GoneGirl,Crown
813,2012,TheMarkofAthenaHeroesofOlympusBook3,Disney-Hyperion
814,2012,TheOfficialSATStudyGuide,College Board
815,2012,GameofThronesBoxedSetAGameofThrones…,Bantam
816,2012,KillingKennedyTheEndofCamelot,Henry Holt and Co.
817,2012,PublicationManualoftheAmerican…,American Psychological Association
818,2012,KillingLincolnTheShockingAssassinationthat…,Henry Holt and Co.
819,2012,UnbrokenAWorldWarIIStoryofSurvival…,Random House Trade Paperback
820,2012,ProofofHeavenANeurosurgeon'sJourneyinto…,Simon & Schuster
821,2012,The5LoveLanguagesTheSecrettoLoveThat…
822,2012,BarefootContessaFoolproofRecipesYouCan…,Clarkson Potter
823,2012,ThinkingFastandSlow,Farrar Straus and Giroux
824,2012,TheCasualVacancy,"Little, Brown and Company"
825,2012,TheHarbingerTheAncientMysterythatHolds…,Frontline 
826,2012,ThePowerofHabitWhyWeDoWhatWeDoin…,Random House
827,2012,SteveJobs,Simon & Schuster
828,2012,WheatBellyLosetheWheatLosetheWeight…,Rodale Books
829,2012,OhthePlacesYou'llGo  ,Random House Books for Young Readers 
830,2012,The7HabitsofHighlyEffectivePeople…,Simon & Schuster
831,2012,TheFiveDysfunctionsofaTeamALeadership…,Jossey-Bass
832,2012,QuietThePowerofIntrovertsinaWorldThat…,Crown
833,2012,TheGreatGatsby,Scribner 
834,2012,TheRacketeer,Dell 
835,2012,TheBloodSugarSolutionTheUltraHealthy…,Little Brown Spark
836,2012,GoodnightGoodnightConstructionSite…,Chronicle Books
837,2012,TheImmortalLifeofHenriettaLacks,Crown 
838,2012,TheFaultinOurStars,Penguin Books
839,2012,TheSerpent'sShadowTheKaneChronicles…,Disney-Hyperio
840,2012,OneThousandGiftsADaretoLiveFullyRight…,Zondervan
841,2012,WildFromLosttoFoundonthePacificCrestTrail,Vintage
842,2012,WinteroftheWorldBookTwooftheCentury…,Berkley
843,2012,ThePioneerWomanCooksFoodfromMyFrontier,William Morrow Cookbooks
844,2012,TheLegoIdeasBookUnlockYourImagination,DK Children
845,2012,HeavenisforRealALittleBoy'sAstounding…,Thomas Nelson
846,2012,JesusCallingEnjoyingPeaceinHisPresence…,Thomas Nelson
847,2012,EattoLiveTheAmazingNutrient-RichProgram…,Little Brown Spark
848,2012,ThomasJeffersonTheArtofPower,Random House
849,2012,GoodtoGreatWhySomeCompaniesMakethe…,HarperBusiness
850,2012,TheAmateur,Ballantine Books
851,2012,TheSmittenKitchenCookbookRecipesand…,Knopf
852,2012,WhattoExpectWhenYou'reExpecting,Workman Publishing Company
853,2012,TheWalkingDeadCompendiumOne,Image Comics
854,2012,TheSignalandtheNoiseWhySoMany…,Penguin Books
855,2012,HowtoTellIfYourCatIsPlottingtoKillYou…,Andrews McMeel Publishing
856,2012,ADancewithDragonsASongofIceandFire,Bantam
857,2012,AmericaAgainRe-becomingtheGreatnessWe…,Grand Central Publishing
858,2012,LEGONINJAGOCharacterEncyclopedia,DK Children
859,2012,AmericanSniperTheAutobiographyoftheMost…,HarperCollins
860,2012,OutliersTheStoryofSuccess,Back Bay Books
861,2012,TeachLikeaChampion49TechniquesthatPut…,Jossey-Bass
862,2012,BaredtoYou,Berkley 
863,2012,TheFourAgreementsAPracticalGuideto…,Amber-Allen Publishing Incorporated 
864,2012,StrengthsBasedLeadershipGreatLeaders…,Gallup Press
865,2012,The17DayDietADoctor'sPlanDesignedfor…,Free Press
866,2012,CrazyLoveOverwhelmedbyaRelentlessGod,David C Cook
867,2012,GotheF**ktoSleep,Akashic Books
868,2012,BringUptheBodies,Picador
869,2012,GreatbyChoiceUncertaintyChaosandLuck…,Harper Business
870,2012,EattoLiveTheAmazingNutrient-RichProgram…,Little Brown Spark
871,2012,ReflectedinYouCrossfireBook2,Berkley
872,2012,WhoMovedMyCheese,G. P. Putnam's Sons
873,2012,TheBookThief,Knopf Books for Young Readers
874,2012,AGuidetotheProjectManagementBodyof…,Project Management Institute
875,2012,BehindtheBeautifulForeversLifeDeathand…,Random House Trade Paperbacks
876,2012,DeadlockedSookieStackhouse/TrueBlood…,Ace
877,2012,CrucialConversationsToolsforTalkingWhen…,McGraw-Hill Education
878,2012,ForksOverKnivesThePlant-BasedWaytoHealth,The Experiment
879,2012,TheJesusStorybookBibleEveryStoryWhispers…,ZonderKidz
880,2012,NotoriousNineteenAStephaniePlumNovel,Bantam
881,2012,The4-HourChefTheSimplePathtoCooking…,Houghton Mifflin Harcourt
882,2012,CloudAtlas,Random House Trade
883,2012,TheAlchemist,HarperOne
884,2012,TheHungerGames
885,2012,HelpThanksWowTheThreeEssentialPrayers,Riverhead Books
886,2012,Wonder,Knopf Books for Young Readers
887,2012,StopLivingInThisLandGoToTheEverlasting…
888,2012,ToHeavenandBackADoctor'sExtraordinary…,WaterBrook
889,2012,ForksOverKnives―TheCookbookOver300…,The Experiment
890,2012,CatchingFireHungerGames
891,2012,AMemoryofLightWheelofTimeBook14…,Tor Books
892,2012,CabinFeverDiaryofaWimpyKidBook6,Harry N. Abrams
893,2012,The7HabitsofHighlyEffectiveTeensThe…,Simon & Schuster
894,2012,ThePassageofPowerTheYearsofLyndon…,Vintage
895,2012,ThePioneerWomanCooksRecipesfroman…,William Morrow Cookbooks
896,2012,DivineHealingHandsExperienceDivinePower…,Atria Books
897,2012,TheChinaStudyTheMostComprehensiveStudy…,BenBella Books
898,2012,N/A
899,2012,TheMeaningofMarriageFacingthe…,Penguin Books
900,2012,NightNight,Hill and Wang 
901,2011,SteveJobs,Simon & Schuster
902,2011,HeavenisforRealALittleBoy'sAstounding…,Thomas Nelson
903,2011,CabinFeverDiaryofaWimpyKidBook6,Harry N. Abrams
904,2011,StrengthsFinder2.0,Gallup Press
905,2011,TheHungerGamesBook1,Scholastic Press
906,2011,UnbrokenAWorldWarIIStoryofSurvival…,Random House Trade Paperback
907,2011,InheritanceBookIVInheritanceCycle,Knopf Books for Young Readers
908,2011,GotheF**ktoSleep,Akashic Books
909,2011,MockingjayTheHungerGames,Scholastic Press
910,2011,GameofThronesBoxedSetAGameofThrones…,Bantam
911,2011,CatchingFireTheHungerGames,Scholastic Press
912,2011,The17DayDietADoctor'sPlanDesignedfor…,Free Press
913,2011,ADancewithDragonsASongofIceandFire,Bantam
914,2011,TheSonofNeptuneHeroesofOlympusBook2,Disney-Hyperion
915,2011,KillingLincolnTheShockingAssassinationthat…,Henry Holt and Co.
916,2011,PublicationManualoftheAmerican…,American Psychological Association
917,2011,TheHelp,Berkley
918,2011,TheImmortalLifeofHenriettaLacks,Crown 
919,2011,11/22/63,Scribner
920,2011,TheOfficialSATStudyGuide,College Board
921,2011,JesusCallingEnjoyingPeaceinHisPresence…,Thomas Nelson
922,2011,TheHungerGamesTrilogyBoxedSet1,Scholastic Press
923,2011,CuttingforStone,Vintage
924,2011,TinaFeyBossypants,"Little, Brown"
925,2011,The4HourBodyAnUncommonGuidetoRapid…,Harmony
926,2011,IntheGardenofBeastsLoveTerrorandan…,Crown
927,2011,The5LoveLanguagesTheSecrettoLoveThat…
928,2011,CrazyLoveOverwhelmedbyaRelentlessGod,David C Cook
929,2011,AStolenLifeAMemoir,Simon & Schuste
930,2011,TheGirlWhoKickedtheHornet'sNest…,Knopf
931,2011,WaterforElephants,Algonquin Books 
932,2011,TheFiveDysfunctionsofaTeamALeadership…,Jossey-Bass
933,2011,TheLegoIdeasBookUnlockYourImagination,DK Children
934,2011,OneThousandGiftsADaretoLiveFullyRight…,Zondervan
935,2011,The7HabitsofHighlyEffectivePeople…,Simon & Schuster
936,2011,TheDukanDiet2StepstoLosetheWeight2…,Crown Archetype
937,2011,TheThroneofFireTheKaneChroniclesBook2,Disney-Hyperion
938,2011,DeadReckoningSookieStackhouse/TrueBlood…,Ace
939,2011,GoodtoGreatWhySomeCompaniesMakethe…,HarperBusiness
940,2011,TheLitigators,Dell
941,2011,LoveWinsABookAboutHeavenHellandthe…,HarperOne
942,2011,TheHelp,Berkley
943,2011,ThinkingFastandSlow,Farrar Straus and Giroux
944,2011,TheParisWife,Ballantine Books 
945,2011,RadicalTakingBackYourFaithfromthe…,Multnomah
946,2011,TheArtofRacingintheRain,Harper Perennial
947,2011,TeachLikeaChampion49TechniquesthatPut…,Jossey-Bass
948,2011,EattoLiveTheAmazingNutrient-RichProgram…,Little Brown Spark
949,2011,TheChinaStudyTheMostComprehensiveStudy…,BenBella Books
950,2011,WhattoExpectWhenYou'reExpecting,Workman Publishing Company
951,2011,TheBestofMe,Grand Central Publishing
952,2011,JacquelineKennedyHistoricConversationson…,Hachette Books 
953,2011,TheGirlwiththeDragonTattooMillennium…,Vintage Crime
954,2011,TheGreaterJourneyAmericansinParis,Simon & Schuster
955,2011,SwitchHowtoChangeThingsWhenChangeIs…,Crown Business
956,2011,EveryThingOnIt,HarperCollins
957,2011,MissPeregrine'sHomeforPeculiarChildren,Quirk Books
958,2011,MoonwalkingWithEinsteinTheArtandScience…,Penguin Books
959,2011,TheGreatGatsby,Scribner 
960,2011,TheHelp,Berkley
961,2011,1Q84,Knopf
962,2011,BoomerangTravelsintheNewThirdWorld,W. W. Norton & Company
963,2011,WhoMovedMyCheese,G. P. Putnam's Sons
964,2011,StrengthsBasedLeadershipGreatLeaders…,Gallup Press
965,2011,ElderScrollsVSkyrimPrimaOfficialGameGuide,Prima Games
966,2011,N/A
967,2011,TheBookThief,Knopf Books for Young Readers
968,2011,The4-HourWorkweekEscape9-5Live…,Harmony
969,2011,OhthePlacesYou'llGo  ,Random House Books for Young Readers 
970,2011,ThroughMyEyes,Independently published 
971,2011,TheLandofPaintedCavesEarth's…
972,2011,TheSocialAnimalTheHiddenSourcesofLove…,Random Hous
973,2011,AGuidetotheProjectManagementBodyof…,Project Management Institute
974,2011,GuinnessWorldRecords2012,Guinness World Records 
975,2011,StateofWonder,Harper
976,2011,AVisitfromtheGoonSquad,Anchor
977,2011,PreventandReverseHeartDiseaseThe…,Avery
978,2011,HarryPotterPaperbackBoxSetBooks1-7,Arthur A. Levine Books
979,2011,ExplosiveEighteenAStephaniePlumNovel…,Bantam
980,2011,The7HabitsofHighlyEffectiveTeensThe…,Simon & Schuster
981,2011,DeliveringHappinessAPathtoProfitsPassion…,Grand Central Publishing
982,2011,TheLostHeroHeroesofOlympusBook1,Disney-Hyperion
983,2011,Room,Back Bay Books
984,2011,HotelontheCornerofBitterandSweet,Ballantine Books
985,2011,TheTippingPointHowLittleThingsCanMakea…,Turtleback Books 
986,2011,EmotionalIntelligence2.0,TalentSmart
987,2011,OutliersTheStoryofSuccess,Back Bay Books
988,2011,ForksOverKnivesThePlant-BasedWaytoHealth,The Experiment
989,2011,TheGirlWhoPlayedwithFireMillenniumSeries,Vintage Crime/Black Lizard
990,2011,HungryGirl300Under300300Breakfast…,St. Martin's Griffin
991,2011,TheAlchemist,HarperOne
992,2011,GettingThingsDoneTheArtofStress-Free…,Penguin Books
993,2011,TheInventionofHugoCabret,Scholastic Press
994,2011,NowDiscoverYourStrengths,Gallup Press
995,2011,DriveTheSurprisingTruthAboutWhat…,Riverhead Books 
996,2011,Smokin'SeventeenStephaniePlum,Bantam
997,2011,MoleskineClassicNotebookHardCoverLarge5\x8.25\Ruled/LinedBlack240Pages
998,2011,TheBigShortInsidetheDoomsdayMachine,W. W. Norton & Company
999,2011,BorntoRunAHiddenTribeSuperathletesand…,Vintage
1000,2011,TheOfficialGuideforGMATReview,Wiley
